{
    "inference_id": "50424c79-e547-4c29-93f8-e323530509da",
    "time": 0.05334548900009395,
    "image": {
        "width": 390,
        "height": 280
    },
    "predictions": [
        {
            "x": 147.0,
            "y": 125.0,
            "width": 278.0,
            "height": 210.0,
            "confidence": 0.9083265066146851,
            "class": "Falling",
            "class_id": 1,
            "detection_id": "b82905f4-ae9e-42c5-88e5-87ec875381f1"
        }
    ]
}